{"cameraMode":{"drawMode":0,"name":"Shaded","section":"Shading Mode"},"sceneLighting":false,"audioPlay":false,"sceneViewState":{"m_AlwaysRefresh":false,"showFog":true,"showSkybox":false,"showFlares":true,"showImageEffects":true,"showParticleSystems":true,"showVisualEffectGraphs":true,"m_FxEnabled":true},"in2DMode":false,"pivot":{"x":-0.5370567440986633,"y":0.05074036121368408,"z":-0.3787848949432373},"rotation":{"x":0.1491750329732895,"y":-0.8083412647247315,"z":0.5201913714408875,"w":0.2318284660577774},"size":0.8424589037895203,"orthographic":false}