{"cameraMode":{"drawMode":0,"name":"Shaded","section":"Shading Mode"},"sceneLighting":true,"audioPlay":false,"sceneViewState":{"m_AlwaysRefresh":false,"showFog":true,"showSkybox":true,"showFlares":true,"showImageEffects":true,"showParticleSystems":true,"showVisualEffectGraphs":true,"m_FxEnabled":true},"in2DMode":false,"pivot":{"x":952.05517578125,"y":536.6261596679688,"z":1.9558900594711304},"rotation":{"x":-0.007208976894617081,"y":0.5987786650657654,"z":0.005387586075812578,"w":0.8008731603622437},"size":20.678211212158204,"orthographic":true}