{"cameraMode":{"drawMode":0,"name":"Shaded","section":"Shading Mode"},"sceneLighting":false,"audioPlay":false,"sceneViewState":{"m_AlwaysRefresh":false,"showFog":true,"showSkybox":true,"showFlares":true,"showImageEffects":true,"showParticleSystems":true,"showVisualEffectGraphs":true,"m_FxEnabled":true},"in2DMode":false,"pivot":{"x":1053.535888671875,"y":543.4387817382813,"z":-44.383636474609378},"rotation":{"x":0.02997610718011856,"y":-0.03597633168101311,"z":0.001079657464288175,"w":0.9989039897918701},"size":815.527099609375,"orthographic":true}