{"cameraMode":{"drawMode":0,"name":"Shaded","section":"Shading Mode"},"sceneLighting":false,"audioPlay":false,"sceneViewState":{"m_AlwaysRefresh":false,"showFog":true,"showSkybox":false,"showFlares":true,"showImageEffects":true,"showParticleSystems":true,"showVisualEffectGraphs":true,"m_FxEnabled":true},"in2DMode":false,"pivot":{"x":0.6037595272064209,"y":-0.2906898856163025,"z":-0.10433107614517212},"rotation":{"x":-0.06620608270168305,"y":0.7979200482368469,"z":-0.08919680863618851,"w":-0.5924755334854126},"size":0.7141429781913757,"orthographic":false}